month,gross_sales_gbp,invoices,customers,units,sales_lines
2010-12,821452.73,1559,885,358019,40991
2011-01,689811.61,1086,741,387099,34060
2011-02,522545.56,1100,758,282934,26882
2011-03,716215.26,1454,974,376599,35497
2011-04,536968.491,1246,856,307953,28882
2011-05,769296.61,1681,1056,395001,35917
2011-06,760547.01,1533,991,388511,35716
2011-07,718076.121,1475,949,399693,38395
2011-08,757841.38,1361,935,421020,34264
2011-09,1056435.192,1837,1266,569573,48900
2011-10,1151263.73,2040,1364,621029,58537
2011-11,1503866.78,2769,1664,751377,82004
2011-12,637790.33,819,615,313612,24833
